research_date,n_long,n_short,long_return,short_return,portfolio_return,turnover,gross_exposure
2013-09-06,2,2,-0.050232718637401794,0.01154052247738132,-0.06177324111478311,,2.0
2013-09-13,2,2,0.023840519546102997,-0.004512281488881948,0.028352801034984946,0.5,2.0
2013-09-20,2,2,-0.00824612130261401,-0.023479536954959142,0.015233415652345131,0.5,2.0
2013-09-27,2,2,-0.01552780459376396,0.0057827817151976735,-0.021310586308961633,0.5,2.0
2013-10-04,2,2,0.03352060096164615,0.030207907837026128,0.003312693124620021,0.25,2.0
2013-10-11,2,2,0.02224697357160841,0.019652613483346678,0.0025943600882617317,0.25,2.0
2013-10-18,2,2,0.022455368587276703,-0.015035830224318513,0.03749119881159522,0.25,2.0
2013-10-25,2,2,-0.016311930328908448,0.002053832113989652,-0.0183657624428981,0.25,2.0
2013-11-01,2,2,0.013253452770653144,0.011137277607818971,0.002116175162834173,0.25,2.0
2013-11-08,2,2,0.0016676027937395956,-0.002588217652878245,0.00425582044661784,0.25,2.0
2013-11-15,2,2,0.013585422227739036,0.025248197318344906,-0.01166277509060587,0.25,2.0
2013-11-22,2,2,0.05843631312104755,-0.016297248003568715,0.07473356112461627,0.25,2.0
2013-11-29,2,2,0.007371019852306688,-0.0035452651979821113,0.010916285050288799,0.5,2.0
2013-12-06,2,2,-0.014056958477821851,-0.037873413304274656,0.023816454826452803,0.5,2.0
2013-12-13,2,2,0.03514662421616767,0.018254593335384456,0.016892030880783213,0.25,2.0
2013-12-20,2,2,0.0012570171530849744,-0.0005858883450936478,0.0018429054981786222,0.25,2.0
2013-12-27,2,2,-0.006841853006128707,0.002377523888309925,-0.009219376894438632,0.5,2.0
2014-01-03,2,2,-0.01300778537159282,0.004273136114322356,-0.017280921485915174,0.5,2.0
2014-01-10,2,2,0.03452977675131995,0.0022711030423412425,0.032258673708978704,0.25,2.0
2014-01-17,2,2,-0.03156012425707853,-0.016220969439988225,-0.015339154817090302,0.5,2.0
2014-01-24,2,2,-0.00724331055653924,-0.019138451280477857,0.011895140723938616,0.5,2.0
2014-01-31,2,2,0.04198411622373223,0.026434959814844384,0.015549156408887845,0.25,2.0
2014-02-07,2,2,0.02790840513356441,-0.00277873660915366,0.03068714174271807,0.25,2.0
2014-02-14,2,2,-0.03141349882793962,0.019818816427853013,-0.05123231525579263,0.75,2.0
2014-02-21,2,2,0.007319366533516438,-0.017761797687635184,0.02508116422115162,0.25,2.0
2014-02-28,2,2,-0.0008010156631801961,0.017570763322131366,-0.018371778985311563,0.5,2.0
2014-03-07,2,2,-0.010672613506450136,-0.009786026992167319,-0.0008865865142828177,0.25,2.0
2014-03-14,2,2,0.0278844915922137,0.03646807137196974,-0.008583579779756038,0.25,2.0
2014-03-21,2,2,-0.004420306760363753,0.0028236662149760798,-0.007243972975339833,0.5,2.0
2014-03-28,2,2,-0.010361400208751237,-0.006070178828336173,-0.004291221380415064,0.75,2.0
2014-04-04,2,2,0.0002649042768146752,-0.03196205652829005,0.03222696080510473,0.5,2.0
2014-04-11,2,2,0.01785682004856731,0.03982944543715125,-0.021972625388583942,0.25,2.0
2014-04-17,2,2,0.07333073665759486,0.004234727459796824,0.06909600919779804,0.0,2.0
2014-04-25,2,2,0.004814749506015476,-0.0288938799748751,0.03370862948089058,0.5,2.0
2014-05-02,2,2,-0.004895470763370067,0.0028375847183829046,-0.007733055481752972,0.25,2.0
2014-05-09,2,2,-0.020017356054144488,-0.006965055264325272,-0.013052300789819216,0.5,2.0
2014-05-16,2,2,-9.53720734453798e-05,0.00505848637675243,-0.0051538584501978095,0.5,2.0
2014-05-23,2,2,0.016621307625030085,0.011790413403395593,0.0048308942216344925,0.5,2.0
2014-05-30,2,2,0.02225608123405367,0.0057194900561162495,0.016536591177937418,0.25,2.0
2014-06-06,2,2,-0.01907178128251037,-0.0035337779985605763,-0.015538003283949792,0.0,2.0
2014-06-13,2,2,-0.000996843731725718,0.01857555060543048,-0.0195723943371562,0.25,2.0
2014-06-20,2,2,-0.009351347540014921,0.007656323516069215,-0.017007671056084136,0.5,2.0
2014-06-27,2,2,0.021173869000876876,0.017034780097319756,0.004139088903557121,0.5,2.0
2014-07-03,2,2,0.0011184070051126608,-0.00329956979422696,0.004417976799339621,0.25,2.0
2014-07-11,2,2,0.015570127896725383,-0.03288557534939955,0.048455703246124936,0.0,2.0
2014-07-18,2,2,-0.021108239616271354,-0.0023654420207764905,-0.018742797595494864,0.5,2.0
2014-07-25,2,2,-0.02277959009254312,-0.030775155384506668,0.007995565291963547,0.5,2.0
2014-08-01,2,2,0.010322432826751835,0.007058575369786253,0.003263857456965582,0.5,2.0
2014-08-08,2,2,0.024762242120372063,0.029763629963686596,-0.005001387843314532,0.25,2.0
2014-08-15,2,2,0.011054464176888407,0.005024907423746639,0.006029556753141768,0.75,2.0
2014-08-22,2,2,0.005522421111090936,0.0032663634575538507,0.0022560576535370857,0.5,2.0
2014-08-29,2,2,0.01061933126473865,0.005630497192183205,0.004988834072555445,0.25,2.0
2014-09-05,2,2,0.003721299576717199,0.0011256375316905827,0.0025956620450266164,0.5,2.0
2014-09-12,2,2,0.0047536533105641526,0.024541549533457607,-0.019787896222893453,0.25,2.0
2014-09-19,2,2,-0.008490345770679666,-0.0053542699799704555,-0.0031360757907092102,0.25,2.0
2014-09-26,2,2,0.0007339412331639622,0.009502577835711725,-0.008768636602547763,0.0,2.0
2014-10-03,2,2,-0.04308603563868063,-0.013985947317262323,-0.02910008832141831,0.5,2.0
2014-10-10,2,2,0.024449987918546048,-0.01138110284874531,0.03583109076729136,0.25,2.0
2014-10-17,2,2,0.03478670689916344,0.04533087580291599,-0.010544168903752552,0.75,2.0
2014-10-24,2,2,0.008152911733750382,0.03531727627433581,-0.02716436454058543,0.5,2.0
2014-10-31,2,2,0.030667564895697094,0.014879667499140398,0.015787897396556696,0.25,2.0
2014-11-07,2,2,-0.013558765676108465,-0.004902538785158581,-0.008656226890949883,0.5,2.0
2014-11-14,2,2,0.02217897874058638,0.007401167188676654,0.014777811551909725,0.25,2.0
2014-11-21,2,2,0.00734231471885933,-0.008290656947768857,0.015632971666628186,0.5,2.0
2014-11-28,2,2,0.0015076236569679237,-0.0006346145912495028,0.0021422382482174265,0.5,2.0
2014-12-05,2,2,-0.02180993749417958,-0.03914879862996112,0.017338861135781536,0.75,2.0
2014-12-12,2,2,0.06761963203474491,0.027351130563981717,0.0402685014707632,0.75,2.0
2014-12-19,2,2,-0.011732592774564413,0.014251905885097688,-0.0259844986596621,0.75,2.0
2014-12-26,2,2,-0.05241563978706404,-0.022778291558256253,-0.029637348228807786,0.5,2.0
2015-01-02,2,2,-0.0024094525574132886,0.009693940533213638,-0.012103393090626927,0.25,2.0
2015-01-09,2,2,0.012269895961409458,0.005143289196863239,0.0071266067645462195,0.25,2.0
2015-01-16,2,2,0.006323955720001129,-0.006939046296721722,0.013263002016722852,0.75,2.0
2015-01-23,2,2,-0.02831929213535091,-0.06663818099090275,0.03831888885555185,0.75,2.0
2015-01-30,2,2,0.03334437230360995,-0.009426542737851418,0.04277091504146137,0.5,2.0
2015-02-06,2,2,0.053650600434665685,0.02233940439462151,0.031311196040044176,0.5,2.0
2015-02-13,2,2,-0.020619511534849217,0.009459964536326474,-0.03007947607117569,0.25,2.0
2015-02-20,2,2,0.002766321358439066,0.031333851095346914,-0.02856752973690785,0.5,2.0
2015-02-27,2,2,-0.019785573075927636,-0.03355229528127746,0.013766722205349826,0.0,2.0
2015-03-06,2,2,-0.018106344093987228,-0.003856439692794116,-0.01424990440119311,0.5,2.0
2015-03-13,2,2,0.017957229302848952,0.004105757318373293,0.01385147198447566,0.0,2.0
2015-03-20,2,2,-0.018948027852140684,-0.008519234762754666,-0.010428793089386018,0.25,2.0
2015-03-27,2,2,0.015550545965525152,0.005408135968077119,0.010142409997448032,0.5,2.0
2015-04-02,2,2,0.003679696344691153,0.006403077843374202,-0.0027233814986830493,0.5,2.0
2015-04-10,2,2,-0.004035869026746035,-0.008894603869055277,0.004858734842309241,0.75,2.0
2015-04-17,2,2,0.012210383091560242,0.011264528771206178,0.0009458543203540639,0.5,2.0
2015-04-24,2,2,0.021597291899781185,-0.019409997954843657,0.041007289854624845,0.5,2.0
2015-05-01,2,2,-0.01570557236196937,0.004412349929630462,-0.02011792229159983,0.5,2.0
2015-05-08,2,2,0.02353990358749506,0.011287514785220314,0.012252388802274746,0.25,2.0
2015-05-15,2,2,-0.018650253375024673,-0.00900848286376536,-0.009641770511259314,0.25,2.0
2015-05-22,2,2,0.01922903391740557,-0.0018228850343235403,0.02105191895172911,0.75,2.0
2015-05-29,2,2,-0.013301764217723803,-0.007129698034587777,-0.006172066183136026,0.5,2.0
2015-06-05,2,2,-0.016969392416182227,0.0031698854070082226,-0.02013927782319045,0.25,2.0
2015-06-12,2,2,0.020541481595890566,0.019852863517375953,0.0006886180785146134,0.0,2.0
2015-06-19,2,2,-0.03397582732571858,-0.026198722185828187,-0.00777710513989039,0.0,2.0
2015-06-26,2,2,0.019125623500696975,0.005618653631197059,0.013506969869499915,0.25,2.0
2015-07-02,2,2,0.008629024925965182,0.023631648610120952,-0.01500262368415577,0.25,2.0
2015-07-10,2,2,0.024597605073499517,0.017480006314020843,0.007117598759478674,0.25,2.0
2015-07-17,2,2,-0.02220718764011569,-0.019370362113942913,-0.0028368255261727766,0.25,2.0
2015-07-24,2,2,-0.004376843458807077,0.01736098495680905,-0.02173782841561613,0.25,2.0
2015-07-31,2,2,0.0029340398923337813,0.004198784040897856,-0.0012647441485640746,0.0,2.0
2015-08-07,2,2,-0.005979617445947146,-0.009699341444128345,0.0037197239981811995,0.25,2.0
2015-08-14,2,2,-0.11619759160715284,-0.08572517087832762,-0.030472420728825222,0.5,2.0
2015-08-21,2,2,0.09017889703143753,0.03429028513802406,0.055888611893413466,0.0,2.0
2015-08-28,2,2,0.02014613432693159,-0.012117770576168009,0.0322639049030996,0.5,2.0
2015-09-04,2,2,0.0230375847906012,0.0011133451415199142,0.021924239649081283,0.25,2.0
2015-09-11,2,2,-0.005496860811440796,0.016309107917707875,-0.02180596872914867,0.5,2.0
2015-09-18,2,2,-0.01015760541432418,-0.002776217800949824,-0.007381387613374355,0.0,2.0
2015-09-25,2,2,0.01462576284039548,0.038889525476451504,-0.024263762636056025,0.25,2.0
2015-10-02,2,2,0.012121318641565739,0.017492641435523034,-0.005371322793957295,0.25,2.0
2015-10-09,2,2,-0.07529063751893568,0.005373928738879532,-0.0806645662578152,0.0,2.0
2015-10-16,2,2,0.01542626538952646,0.016872905640110285,-0.0014466402505838253,0.25,2.0
2015-10-23,2,2,0.029964216245597496,-0.0110806276053044,0.041044843850901895,0.5,2.0
2015-10-30,2,2,0.00596595380387209,0.0008251855344146488,0.005140768269457441,0.5,2.0
2015-11-06,2,2,-0.03548610871419231,0.0020628888095973828,-0.03754899752378969,0.0,2.0
2015-11-13,2,2,0.038417922635682306,0.023289109029710386,0.01512881360597192,0.25,2.0
2015-11-20,2,2,-0.013796594767198045,0.0003873259686185148,-0.01418392073581656,0.0,2.0
2015-11-27,2,2,0.019391897902740013,0.01761416705944842,0.0017777308432915945,0.0,2.0
2015-12-04,2,2,-0.02337718128855531,-0.014128842828129793,-0.009248338460425515,0.0,2.0
2015-12-11,2,2,-0.028277108564287817,0.0004787391478579214,-0.02875584771214574,0.0,2.0
2015-12-18,2,2,0.025183269390374685,0.022964237905255383,0.002219031485119302,0.0,2.0
2015-12-24,2,2,0.0025346207984294662,-0.0220445376629241,0.024579158461353567,0.0,2.0
2015-12-31,2,2,-0.0008198200476989131,-0.04525555232695251,0.0444357322792536,0.25,2.0
2016-01-08,2,2,-0.024523461133310078,0.003719143647736946,-0.028242604781047023,0.5,2.0
2016-01-15,2,2,0.028184922198275425,0.019545023311694124,0.008639898886581301,0.25,2.0
2016-01-22,2,2,0.023774595371825465,0.023169311268653243,0.0006052841031722218,0.25,2.0
2016-01-29,2,2,-0.009081009411271358,-0.013423133485661926,0.004342124074390568,0.25,2.0
2016-02-05,2,2,0.029734633933513572,0.015073494302674814,0.014661139630838758,0.5,2.0
2016-02-12,2,2,0.07021668343412256,0.013969899383823592,0.05624678405029897,0.5,2.0
2016-02-19,2,2,0.006362278016739862,-0.014915158806631478,0.02127743682337134,0.25,2.0
2016-02-26,2,2,0.057664876236395574,0.017691422887935716,0.03997345334845986,0.5,2.0
2016-03-04,2,2,0.002518103613799517,0.0387967150491365,-0.036278611435336984,0.5,2.0
2016-03-11,2,2,0.039248237447329956,0.0021434050074199233,0.03710483243991003,0.5,2.0
2016-03-18,2,2,0.007656212047600359,0.01708225630952223,-0.009426044261921871,0.5,2.0
2016-03-24,2,2,0.03276856926119473,0.025191201550591402,0.007577367710603328,0.25,2.0
2016-04-01,2,2,-0.017910545728528106,-0.013096154734721657,-0.004814390993806449,0.5,2.0
2016-04-08,2,2,0.027394823398986377,0.00820384550202347,0.019190977896962908,0.25,2.0
2016-04-15,2,2,-0.01796618805001312,-0.03807805216086346,0.020111864110850343,0.5,2.0
2016-04-22,2,2,-0.07634069574516145,0.004634628328623814,-0.08097532407378526,0.5,2.0
2016-04-29,2,2,-0.006798609909350538,-0.002124031053315926,-0.004674578856034612,0.25,2.0
2016-05-06,2,2,0.009331265502180011,-0.015469577110299268,0.02480084261247928,0.5,2.0
2016-05-13,2,2,0.04122133277414511,-0.019917211782210877,0.061138544556355985,0.25,2.0
2016-05-20,2,2,0.05055072981987713,0.02534023312104889,0.025210496698828237,0.5,2.0
2016-05-27,2,2,-0.008321436337682406,0.022528758579442334,-0.03085019491712474,0.75,2.0
2016-06-03,2,2,-0.006161878939743072,0.005889104358871045,-0.012050983298614117,0.0,2.0
2016-06-10,2,2,-0.013382877229385429,0.0013174853420218093,-0.014700362571407237,0.25,2.0
2016-06-17,2,2,-0.032445153600642096,-0.011286322539228158,-0.02115883106141394,0.5,2.0
2016-06-24,2,2,0.03548841231643306,0.048101599679939995,-0.012613187363506938,0.25,2.0
2016-07-01,2,2,0.03143962145150233,0.011780732717605689,0.01965888873389664,0.25,2.0
2016-07-08,2,2,0.02802661196823899,0.00612731657341431,0.02189929539482468,0.25,2.0
2016-07-15,2,2,0.008365833913857753,0.014598786419714758,-0.0062329525058570055,0.25,2.0
2016-07-22,2,2,0.030040808206048753,0.007972819470028005,0.022067988736020748,0.5,2.0
2016-07-29,2,2,0.010344009151342256,-0.0022160559759878077,0.012560065127330064,0.5,2.0
2016-08-05,2,2,0.005053390221908469,0.011482922804458767,-0.006429532582550298,0.25,2.0
2016-08-12,2,2,-0.004797067442933092,-0.0018143690039786572,-0.002982698438954434,0.25,2.0
2016-08-19,2,2,0.0021303837310577946,-0.0037801761188997803,0.005910559849957575,0.0,2.0
2016-08-26,2,2,0.015051401785010785,0.0033797544231906154,0.01167164736182017,0.5,2.0
2016-09-02,2,2,-0.010857546130794003,-0.026079723944754583,0.01522217781396058,0.25,2.0
2016-09-09,2,2,0.042064175221448334,0.0007722876143922228,0.04129188760705611,0.25,2.0
2016-09-16,2,2,-0.007272924203276795,0.0016374654395548763,-0.008910389642831671,0.5,2.0
2016-09-23,2,2,0.0021676716674898446,0.022330965281198614,-0.02016329361370877,0.5,2.0
2016-09-30,2,2,-0.020967674070272946,0.0006701870655524585,-0.021637861135825404,0.25,2.0
2016-10-07,2,2,0.007865925402039153,-0.021723589914366518,0.02958951531640567,0.25,2.0
2016-10-14,2,2,0.04367539093738201,0.003301915584518679,0.04037347535286333,0.5,2.0
2016-10-21,2,2,-0.01717745918316535,0.0059633410481921695,-0.02314080023135752,0.5,2.0
2016-10-28,2,2,0.0010682871753864825,0.0041963233806099134,-0.003128036205223431,0.5,2.0
2016-11-04,2,2,-0.01161594641991074,0.06025800493295102,-0.07187395135286176,0.25,2.0
2016-11-11,2,2,0.05581207531500411,0.005779042343859311,0.050033032971144795,0.5,2.0
2016-11-18,2,2,0.025693786504943368,0.0035283514831186977,0.02216543502182467,0.5,2.0
2016-11-25,2,2,-0.022310246689107006,-0.0044759811995986965,-0.01783426548950831,0.5,2.0
2016-12-02,2,2,0.02883537456155607,0.026224698461753133,0.002610676099802936,0.25,2.0
2016-12-09,2,2,0.016838314409742445,0.007323485727115241,0.009514828682627204,0.5,2.0
2016-12-16,2,2,-0.009535518306903664,0.04535181982193275,-0.054887338128836415,0.5,2.0
2016-12-23,2,2,-0.009329089759875063,-0.027594237106557663,0.0182651473466826,0.5,2.0
2016-12-30,2,2,-0.030957175647206625,0.005998352466331472,-0.0369555281135381,0.0,2.0
2017-01-06,2,2,-0.015307402064030692,-0.021469238403578214,0.0061618363395475224,0.25,2.0
2017-01-13,2,2,-0.020633792661755856,0.014934234621125283,-0.03556802728288114,0.5,2.0
2017-01-20,2,2,-0.002405308401789942,0.0049461036414383645,-0.007351412043228306,0.5,2.0
2017-01-27,2,2,0.0011490174294989622,0.027237378330163094,-0.02608836090066413,0.5,2.0
2017-02-03,2,2,0.01976263242010583,-0.02239900882426972,0.04216164124437555,0.25,2.0
2017-02-10,2,2,0.012226689129717522,0.029199636153525443,-0.016972947023807923,0.25,2.0
2017-02-17,2,2,-0.007087396226027179,0.004928127900316294,-0.012015524126343474,0.5,2.0
2017-02-24,2,2,0.0002655666344147222,0.012714503311070637,-0.012448936676655914,0.5,2.0
2017-03-03,2,2,0.007402313944144928,-0.0026905847382215245,0.010092898682366453,0.75,2.0
2017-03-10,2,2,0.003983976758406946,0.009828413576122496,-0.00584443681771555,0.5,2.0
2017-03-17,2,2,-0.006947882790361489,-0.025798199984757828,0.018850317194396338,0.0,2.0
2017-03-24,2,2,0.012159789596153903,0.00537595680756687,0.006783832788587033,0.5,2.0
2017-03-31,2,2,0.003419761360694571,-0.04523342067735031,0.04865318203804488,0.5,2.0
2017-04-07,2,2,0.01237644429560844,0.010773204574807188,0.0016032397208012531,0.5,2.0
2017-04-13,2,2,0.005924496569491485,0.009140282838462384,-0.0032157862689708994,0.25,2.0
2017-04-21,2,2,0.007488644169488121,0.0074154237526995615,7.32204167885591e-05,0.25,2.0
2017-04-28,2,2,0.011058718510247458,-0.004331507862578906,0.015390226372826363,0.5,2.0
2017-05-05,2,2,0.09327802594104118,0.005447381607114273,0.0878306443339269,0.75,2.0
2017-05-12,2,2,0.020202550053332786,-0.002563022455451069,0.022765572508783853,0.5,2.0
2017-05-19,2,2,0.002050225044393594,0.02018707268765754,-0.018136847643263947,0.75,2.0
2017-05-26,2,2,0.011212570034080351,0.017934493507571155,-0.006721923473490803,0.5,2.0
2017-06-02,2,2,0.0429537281853116,-0.00442186211561776,0.04737559030092936,0.5,2.0
2017-06-09,2,2,0.018802207500820615,0.015512182658377721,0.003290024842442894,0.25,2.0
2017-06-16,2,2,-0.011217051173731061,0.010241754659308749,-0.021458805833039808,0.5,2.0
2017-06-23,2,2,-0.01390034432056303,-0.02033438778401427,0.00643404346345124,0.25,2.0
2017-06-30,2,2,0.05122475921858492,-0.005706287862953503,0.05693104708153843,0.5,2.0
2017-07-07,2,2,0.05104416400660556,0.020129648336308315,0.030914515670297245,0.25,2.0
2017-07-14,2,2,0.0020188632065513403,0.005840335868778224,-0.003821472662226884,0.25,2.0
2017-07-21,2,2,0.003733447867512485,0.012771644754348058,-0.009038196886835574,0.75,2.0
2017-07-28,2,2,0.06589073834972195,0.0022244443967910825,0.06366629395293087,0.75,2.0
2017-08-04,2,2,0.0054682062466135314,0.003919846562606464,0.0015483596840070672,0.5,2.0
2017-08-11,2,2,-0.032851354811097834,-0.0017560771959343369,-0.031095277615163498,0.25,2.0
2017-08-18,2,2,0.008446461645316344,-0.006070080910165247,0.014516542555481592,0.25,2.0
2017-08-25,2,2,0.01647177152248973,0.0013858048602244134,0.015085966662265318,0.25,2.0
2017-09-01,2,2,0.018433527746092984,0.018005129550527257,0.0004283981955657268,0.5,2.0
2017-09-08,2,2,0.009510244323227623,0.0030935132689276917,0.006416731054299931,0.25,2.0
2017-09-15,2,2,-0.013082700369955524,-0.04860195968788292,0.03551925931792739,0.5,2.0
2017-09-22,2,2,0.013065881608015046,-0.0049660561608742375,0.018031937768889283,0.5,2.0
2017-09-29,2,2,0.02863158735804694,0.015064447763853853,0.013567139594193086,0.75,2.0
2017-10-06,2,2,0.014781458492445092,0.02357624088913974,-0.008794782396694647,0.5,2.0
2017-10-13,2,2,-0.003127199807852768,0.017649080588901692,-0.02077628039675446,0.75,2.0
2017-10-20,2,2,0.03005521126569465,-0.0009984769352300027,0.03105368820092465,0.25,2.0
2017-10-27,2,2,0.03303498204323031,0.0018966074882469305,0.031138374554983382,0.25,2.0
2017-11-03,2,2,0.010919384830731314,0.024097769597399087,-0.013178384766667772,0.25,2.0
2017-11-10,2,2,-0.0023889076977720077,-0.01899884971621943,0.01660994201844742,0.5,2.0
2017-11-17,2,2,0.015087069544101793,0.004597266188777418,0.010489803355324375,0.5,2.0
2017-11-24,2,2,-0.014860424591185,0.05659766725329751,-0.07145809184448251,0.25,2.0
2017-12-01,2,2,0.025559154968175856,-0.016486656833671832,0.04204581180184769,0.25,2.0
2017-12-08,2,2,0.013307945435607899,0.008122635137460185,0.005185310298147713,0.5,2.0
2017-12-15,2,2,0.009450240651063365,-0.007810161683184274,0.017260402334247638,0.0,2.0
2017-12-22,2,2,0.034332114812007854,0.004945770025190554,0.0293863447868173,0.5,2.0
2017-12-29,2,2,0.04496177807381482,0.016804231908822388,0.028157546164992435,0.5,2.0
2018-01-05,2,2,0.004268196109937344,0.004467530485792779,-0.0001993343758554351,0.25,2.0
2018-01-12,2,2,0.03166117324126294,0.01787594535647061,0.01378522788479233,0.0,2.0
2018-01-19,2,2,-0.015330137432435456,0.002815489984622715,-0.01814562741705817,0.0,2.0
2018-01-26,2,2,-0.0896441334161418,-0.07366479588650379,-0.01597933752963801,0.0,2.0
2018-02-02,2,2,0.054003303669557495,-0.024253522603740165,0.07825682627329766,0.0,2.0
2018-02-09,2,2,0.06890419287899749,0.01125815330646779,0.0576460395725297,0.25,2.0
2018-02-16,2,2,0.0049480941706865345,0.004966207810478895,-1.811363979236074e-05,0.25,2.0
2018-02-23,2,2,-0.038394700391024765,-0.016018029728353974,-0.02237667066267079,0.5,2.0
2018-03-02,2,2,0.017181511079128974,0.002521197033638253,0.014660314045490721,0.0,2.0
2018-03-09,2,2,-0.021487323570529987,-0.01909499276137075,-0.0023923308091592377,0.25,2.0
2018-03-16,2,2,0.0088986920075529,-0.016795915162471114,0.025694607170024017,0.0,2.0
2018-03-23,2,2,-0.04476518496582582,0.015360210654514265,-0.06012539562034008,0.5,2.0
2018-03-29,2,2,0.003981417096403657,0.031134738505419323,-0.027153321409015666,0.25,2.0
2018-04-06,2,2,0.05441382601938878,0.018747100077232542,0.03566672594215624,0.25,2.0
2018-04-13,2,2,-0.015997485060632578,-0.004657975623574296,-0.011339509437058281,0.5,2.0
2018-04-20,2,2,0.0017792598009302714,-0.01976434351437779,0.021543603315308062,0.25,2.0
2018-04-27,2,2,0.11488257771137805,-0.014490615211814327,0.12937319292319238,0.0,2.0
2018-05-04,2,2,0.021954370222818043,0.004941999325267749,0.017012370897550293,0.25,2.0
2018-05-11,2,2,-0.015381021744079158,0.007457193519418463,-0.02283821526349762,0.5,2.0
2018-05-18,2,2,0.008623986860369687,-0.01617664141496512,0.02480062827533481,0.25,2.0
2018-05-25,2,2,0.04526886576323694,0.013407592966459478,0.03186127279677746,0.25,2.0
2018-06-01,2,2,-0.008029946401486203,0.018528555427371512,-0.026558501828857717,0.25,2.0
2018-06-08,2,2,0.004924243540567187,-0.0071404522859006715,0.01206469582646786,0.5,2.0
2018-06-15,2,2,-0.058709088032266155,0.0048584856020046675,-0.06356757363427082,0.25,2.0
2018-06-22,2,2,0.022300810213106016,-0.0015441290241210424,0.02384493923722706,0.0,2.0
2018-06-29,2,2,0.029531784774007707,0.025998061097277904,0.003533723676729803,0.5,2.0
2018-07-06,2,2,0.01266031352850429,-0.001785915787236708,0.014446229315740997,0.5,2.0
2018-07-13,2,2,0.004080275060115008,0.009933334355226465,-0.005853059295111457,0.25,2.0
2018-07-20,2,2,-0.012847040043743024,0.033833246951258195,-0.04668028699500122,0.0,2.0
2018-07-27,2,2,0.019970901174444274,0.005447117577032018,0.014523783597412257,0.25,2.0
2018-08-03,2,2,0.004409237084354384,-0.016170364052235292,0.020579601136589677,0.25,2.0
2018-08-10,2,2,-0.004787639319856742,0.012903970992048954,-0.017691610311905696,0.5,2.0
2018-08-17,2,2,0.06261991553096899,-0.015806583492613595,0.07842649902358259,0.5,2.0
2018-08-24,2,2,0.031923591035379326,-0.012909585583586758,0.04483317661896608,0.75,2.0
2018-08-31,2,2,-0.01565511472003176,0.029592673698386363,-0.045247788418418124,0.25,2.0
2018-09-07,2,2,-0.011381294301683604,0.016866529013706624,-0.028247823315390226,0.0,2.0
2018-09-14,2,2,-0.008100839508949586,0.013666836996816674,-0.021767676505766262,0.0,2.0
2018-09-21,2,2,0.0591540985959569,-0.0024512899189395704,0.06160538851489647,0.25,2.0
2018-09-28,2,2,-0.01470112824287599,0.0046551044796301205,-0.01935623272250611,0.25,2.0
2018-10-05,2,2,-0.06549675633683036,-0.04692740350306763,-0.01856935283376273,0.25,2.0
2018-10-12,2,2,0.005127554988154473,0.02940389980926849,-0.024276344821114015,0.5,2.0
2018-10-19,2,2,-0.09638266159347045,0.0018283644222995793,-0.09821102601577003,0.25,2.0
2018-10-26,2,2,0.07785524191349541,0.0410975072611042,0.03675773465239121,0.25,2.0
2018-11-02,2,2,-0.04175379561401029,0.008267648707179841,-0.05002144432119013,0.25,2.0
2018-11-09,2,2,-0.11148256401682585,0.013631550143006599,-0.12511411415983245,0.5,2.0
2018-11-16,2,2,-0.025083520521292948,-0.023465269486118948,-0.0016182510351740002,0.0,2.0
2018-11-23,2,2,0.07464072215406062,0.029357419187682456,0.04528330296637816,0.0,2.0
2018-11-30,2,2,-0.1007547842861755,-0.025111779302992552,-0.07564300498318295,0.25,2.0
2018-12-07,2,2,-0.03960338169315063,-0.06528989786274629,0.025686516169595663,0.25,2.0
2018-12-14,2,2,-0.10748190733919333,-0.07634448304635455,-0.031137424292838778,0.25,2.0
2018-12-21,2,2,0.07413847273032174,0.026573886706500106,0.04756458602382164,0.25,2.0
2018-12-28,2,2,-0.004529444795791239,0.01100063871427267,-0.01553008351006391,0.25,2.0
2019-01-04,2,2,0.031323221976262396,0.0032623403303562756,0.02806088164590612,0.25,2.0
2019-01-11,2,2,0.005546072713706856,0.009436026466642279,-0.003889953752935423,0.25,2.0
2019-01-18,2,2,-0.054783125290975905,0.001968811903182309,-0.05675193719415821,0.0,2.0
2019-01-25,2,2,0.0887553606877107,0.0036788026333614953,0.0850765580543492,0.25,2.0
2019-02-01,2,2,-0.00854039017171959,0.00035305114385197293,-0.008893441315571564,0.5,2.0
2019-02-08,2,2,0.02852056055708775,-0.029409262220173937,0.05792982277726169,0.5,2.0
2019-02-15,2,2,0.014571273401063779,-0.01567432182900761,0.03024559523007139,0.25,2.0
2019-02-22,2,2,0.0027741164350821735,0.019257881199926413,-0.01648376476484424,0.25,2.0
2019-03-01,2,2,0.021220199829911645,-0.0022253768994230424,0.023445576729334686,0.0,2.0
2019-03-08,2,2,0.050225476569363145,0.008764770399955244,0.041460706169407904,0.25,2.0
2019-03-15,2,2,0.011450186528381968,-0.03396062784174432,0.045410814370126285,0.25,2.0
2019-03-22,2,2,0.025201367787960657,0.01951519899731543,0.005686168790645228,0.5,2.0
2019-03-29,2,2,0.04832924719868703,-0.005541829700052709,0.05387107689873974,0.0,2.0
2019-04-05,2,2,-0.015632023252616735,-0.0025493431153437336,-0.013082680137273001,0.25,2.0
2019-04-12,2,2,0.038006609524514484,0.027552019074743445,0.01045459044977104,0.25,2.0
2019-04-18,2,2,-0.017706616731307013,0.01676664928641365,-0.03447326601772066,0.0,2.0
2019-04-26,2,2,0.014101172995641518,-0.003721476201179342,0.01782264919682086,0.25,2.0
2019-05-03,2,2,-0.06813044868421568,-0.02196545595153121,-0.04616499273268447,0.5,2.0
2019-05-10,2,2,-0.02748995067452103,0.010627440204540695,-0.03811739087906173,0.5,2.0
2019-05-17,2,2,-0.040565663951058775,-0.016794194952061896,-0.02377146899899688,0.0,2.0
2019-05-24,2,2,0.003286114436233864,-0.007010150423451427,0.010296264859685291,0.25,2.0
2019-05-31,2,2,0.11041297893430758,0.035561338358259684,0.0748516405760479,0.25,2.0
2019-06-07,2,2,-0.006455792693377156,-0.00011030846296718514,-0.006345484230409971,0.0,2.0
2019-06-14,2,2,0.03556820990995021,0.02243500785764701,0.0131332020523032,0.0,2.0
2019-06-21,2,2,0.0404524117270828,-0.005710568193944578,0.04616297992102737,0.0,2.0
2019-06-28,2,2,0.0019134947136477424,-0.0008269707731158411,0.0027404654867635835,0.25,2.0
2019-07-05,2,2,0.038838801914283044,0.004736223185664123,0.034102578728618924,0.25,2.0
2019-07-12,2,2,0.014676303823185513,-0.02117787199333751,0.035854175816523025,0.0,2.0
2019-07-19,2,2,0.019328953964789918,0.03296337900312057,-0.01363442503833065,0.25,2.0
2019-07-26,2,2,-0.07617833410226871,-0.05968003310671113,-0.016498300995557574,0.25,2.0
2019-08-02,2,2,0.019442477922231177,0.007406902948227096,0.01203557497400408,0.5,2.0
2019-08-09,2,2,0.08341869658566536,0.009808054066963152,0.07361064251870221,0.5,2.0
2019-08-16,2,2,-0.024896858628006825,-0.017953116972904044,-0.006943741655102781,0.5,2.0
2019-08-23,2,2,0.013116720614021625,0.012576127477602492,0.0005405931364191336,0.5,2.0
2019-08-30,2,2,0.07812289714010484,0.016527420635045306,0.06159547650505953,0.5,2.0
2019-09-06,2,2,-0.004935387315161038,0.03192900731969326,-0.036864394634854296,0.5,2.0
2019-09-13,2,2,0.005683996102854982,-0.013148523872644664,0.018832519975499645,0.25,2.0
2019-09-20,2,2,0.012343172803870294,-0.006013866220237959,0.018357039024108252,0.5,2.0
2019-09-27,2,2,0.010015114334821575,-0.0224256728976526,0.03244078723247418,0.25,2.0
2019-10-04,2,2,0.017029023597115465,-0.01441723951152098,0.03144626310863645,0.5,2.0
2019-10-11,2,2,0.013241069148377284,0.0073786840238940585,0.005862385124483225,0.5,2.0
2019-10-18,2,2,0.04611186637023855,-0.00748864852870815,0.0536005148989467,0.0,2.0
2019-10-25,2,2,0.007998352662744922,0.015761573968730406,-0.007763221305985484,0.0,2.0
2019-11-01,2,2,0.002817042480375,-0.01698740158890934,0.01980444406928434,0.0,2.0
2019-11-08,2,2,0.025626231310758155,0.003967447384303099,0.021658783926455056,0.0,2.0
2019-11-15,2,2,0.021166079518325834,0.0043739622541558824,0.016792117264169952,0.0,2.0
2019-11-22,2,2,-0.01808291212208926,0.007517310887735574,-0.025600223009824834,0.25,2.0
2019-11-29,2,2,0.0075216833855424655,0.00994712171024234,-0.002425438324699875,0.5,2.0
2019-12-06,2,2,0.05288608902504323,0.005932387805134592,0.04695370121990863,0.25,2.0
2019-12-13,2,2,0.013066123878590526,0.0074958572583504225,0.005570266620240103,0.25,2.0
2019-12-20,2,2,0.01397359143812977,0.002125175788636956,0.011848415649492815,0.25,2.0
2019-12-27,2,2,0.027546707348249377,-0.007006109105327113,0.03455281645357649,0.5,2.0
2020-01-03,2,2,0.05970590842850242,0.011106992226979792,0.04859891620152263,0.0,2.0
2020-01-10,2,2,0.005234513385134736,0.02175146759511705,-0.016516954209982313,0.5,2.0
2020-01-17,2,2,0.0020494275653674555,-0.00038090686306989905,0.0024303344284373543,0.25,2.0
2020-01-24,2,2,-0.00027032649663148153,0.013595033696679533,-0.013865360193311015,0.0,2.0
2020-01-31,2,2,0.0684338499895255,0.0143828349599027,0.0540510150296228,0.0,2.0
2020-02-07,2,2,0.05705555003565426,-0.016995319833737865,0.07405086986939213,0.25,2.0
2020-02-14,2,2,-0.09850105981508281,-0.04330981892474619,-0.05519124089033662,0.25,2.0
2020-02-21,2,2,0.006760150515391634,-0.043156526854389754,0.049916677369781386,0.25,2.0
2020-02-28,2,2,-0.11032277339281507,-0.048063265586472066,-0.062259507806343005,0.25,2.0
2020-03-06,2,2,-0.14187673729430497,-0.0929457482875662,-0.04893098900673877,0.25,2.0
2020-03-13,2,2,-0.0007935120478909236,-0.14761982461502873,0.1468263125671378,0.25,2.0
2020-03-20,2,2,0.15633982897338278,0.19556351499617683,-0.03922368602279405,0.5,2.0
2020-03-27,2,2,0.06654699058761313,0.055466995723421765,0.01107999486419136,0.25,2.0
2020-04-03,2,2,0.0784166779550422,0.04830652811685217,0.030110149838190034,0.25,2.0
2020-04-09,2,2,0.06037072826437542,-0.030478599815749196,0.09084932808012462,0.5,2.0
2020-04-17,2,2,0.03336407680633815,0.011492332092748487,0.02187174471358966,0.25,2.0
2020-04-24,2,2,0.007718586654808802,-0.037218350541614834,0.04493693719642364,0.25,2.0
2020-05-01,2,2,0.07046030303321907,0.012895257569659558,0.05756504546355951,0.25,2.0
2020-05-08,2,2,0.04671041328553445,-0.004256533285139662,0.05096694657067411,0.25,2.0
2020-05-15,2,2,0.02853144001468808,-0.010211239998012189,0.038742680012700266,0.5,2.0
2020-05-22,2,2,0.017705978901872574,0.022049148404711033,-0.004343169502838459,0.5,2.0
2020-05-29,2,2,0.02501391141387722,0.10280466315382016,-0.07779075173994293,0.0,2.0
2020-06-05,2,2,0.03293143278026098,-0.08940046459799197,0.12233189737825295,0.0,2.0
2020-06-12,2,2,0.0033660493771535266,0.00456653388516183,-0.0012004845080083038,0.5,2.0
2020-06-19,2,2,-0.03611260620432635,-0.030267534984740718,-0.005845071219585635,0.0,2.0
2020-06-26,2,2,0.04388403424289363,0.024036533952279587,0.019847500290614044,0.0,2.0
2020-07-02,2,2,0.024413053140810447,0.009338580674144564,0.015074472466665883,0.0,2.0
2020-07-10,2,2,0.03703117897412382,0.02592840066561678,0.01110277830850704,0.25,2.0
2020-07-17,2,2,-0.02474442198727003,0.04547508902649128,-0.07021951101376131,0.5,2.0
2020-07-24,2,2,0.10856685943525346,-0.043512379780180424,0.15207923921543387,0.25,2.0
2020-07-31,2,2,0.017238512863952022,0.03891071247130841,-0.021672199607356387,0.25,2.0
2020-08-07,2,2,0.06797485913739268,-0.0016113939343051931,0.06958625307169787,0.25,2.0
2020-08-14,2,2,0.05870732201766392,-0.006659992252892773,0.0653673142705567,0.0,2.0
2020-08-21,2,2,0.009756713806264174,0.01940347800484242,-0.009646764198578246,0.5,2.0
2020-08-28,2,2,-0.11835405168577726,-0.02313412871078279,-0.09521992297499446,0.25,2.0
2020-09-04,2,2,0.052740558914585595,-0.005834259072230924,0.05857481798681652,0.5,2.0
2020-09-11,2,2,-0.03747881348713615,-0.018536804134731726,-0.018942009352404424,0.25,2.0
2020-09-18,2,2,0.04295405116547228,-0.011856234517024979,0.05481028568249726,0.0,2.0
2020-09-25,2,2,0.03754070513405088,0.0053374855478559545,0.03220321958619493,0.5,2.0
2020-10-02,2,2,0.056203907862338254,0.03449937478211258,0.02170453308022567,0.5,2.0
2020-10-09,2,2,-0.05982267221578953,-0.030893611216314773,-0.02892906099947476,0.25,2.0
2020-10-16,2,2,-0.01777716964759201,0.0014603252574061517,-0.01923749490499816,0.0,2.0
2020-10-23,2,2,-0.048145019407581396,-0.01142758415518691,-0.03671743525239449,0.0,2.0
2020-10-30,2,2,0.0776916106611645,0.08300857049356235,-0.005316959832397841,0.0,2.0
2020-11-06,2,2,0.01285508598031989,0.016666122813416357,-0.003811036833096467,0.25,2.0
2020-11-13,2,2,-0.0430013964427425,-0.0038307261110982933,-0.0391706703316442,0.25,2.0
2020-11-20,2,2,0.05404987711692691,-0.01028401827352782,0.06433389539045473,0.0,2.0
2020-11-27,2,2,0.02987540862053191,0.040376440678969866,-0.010501032058437956,0.0,2.0
2020-12-04,2,2,-0.025152029495141746,0.002366484260704054,-0.0275185137558458,0.5,2.0
2020-12-11,2,2,0.02726246497641242,-0.008103651371514043,0.03536611634792646,0.5,2.0
2020-12-18,2,2,0.006926269407593746,0.01692497891951202,-0.009998709511918273,0.25,2.0
2020-12-24,2,2,0.0044523470048848,-0.018297595254622993,0.022749942259507792,0.25,2.0
2020-12-31,2,2,0.021218320683519806,-0.017200748128463034,0.03841906881198284,0.25,2.0
2021-01-08,2,2,-0.026157795840621004,0.028947886738371502,-0.05510568257899251,0.25,2.0
2021-01-15,2,2,0.07943741431073,-0.014936535284836662,0.09437394959556666,0.25,2.0
2021-01-22,2,2,-0.023430294960522416,-0.015031636850978244,-0.008398658109544172,0.5,2.0
2021-01-29,2,2,0.05424946409477965,0.021204292352938216,0.033045171741841434,0.25,2.0
2021-02-05,2,2,0.01867569623848999,0.009894869162441526,0.008780827076048464,0.25,2.0
2021-02-12,2,2,-0.06492319560365184,0.02025676604982219,-0.08517996165347402,0.0,2.0
2021-02-19,2,2,-0.006387765658363067,0.019896124058733342,-0.026283889717096408,0.25,2.0
2021-02-26,2,2,-0.11344892124871403,0.049264039636847376,-0.16271296088556142,0.25,2.0
2021-03-05,2,2,0.09102692059427987,-0.0049755706069779864,0.09600249120125785,0.0,2.0
2021-03-12,2,2,-0.0031560430450019955,-4.064348721444396e-05,-0.0031153995577875514,0.25,2.0
2021-03-19,2,2,-0.016923291551328913,0.044961032910271106,-0.06188432446160002,0.0,2.0
2021-03-26,2,2,0.05245263197331573,-0.014162538230453488,0.06661517020376923,0.0,2.0
2021-04-01,2,2,0.05942420640926539,0.0006290423668663626,0.05879516404239903,0.25,2.0
2021-04-09,2,2,0.019900614541170026,0.01399014966661117,0.005910464874558857,0.0,2.0
2021-04-16,2,2,0.002294149971193916,0.0012130079627441434,0.0010811420084497728,0.25,2.0
2021-04-23,2,2,-0.024769338499993653,0.011383077816727342,-0.036152416316720996,0.0,2.0
2021-04-30,2,2,-0.04031880085396229,0.023906077594644463,-0.06422487844860675,0.25,2.0
2021-05-07,2,2,-0.005421976600812833,0.0034953791640850475,-0.00891735576489788,0.25,2.0
2021-05-14,2,2,0.04480736516980965,0.0047698991255674065,0.04003746604424224,0.25,2.0
2021-05-21,2,2,0.004023838809265816,-0.009515583944069383,0.013539422753335199,0.0,2.0
2021-05-28,2,2,0.040064161114173116,-0.0027760280511007324,0.04284018916527385,0.0,2.0
2021-06-04,2,2,0.0301365965436308,0.003039395002727054,0.027097201540903747,0.5,2.0
2021-06-11,2,2,-0.02419728015630431,-0.014374174428081787,-0.009823105728222524,0.5,2.0
2021-06-18,2,2,0.022143822134639245,-0.0004756887287358342,0.02261951086337508,0.5,2.0
2021-06-25,2,2,0.04747095731085879,-0.012813800299858024,0.06028475761071682,0.5,2.0
2021-07-02,2,2,0.02086848649390502,0.015042702372291019,0.005825784121614001,0.5,2.0
2021-07-09,2,2,-0.07632467719597455,0.004494383592708579,-0.08081906078868313,0.25,2.0
2021-07-16,2,2,0.0301041333531321,0.026988941066669707,0.0031151922864623947,0.0,2.0
2021-07-23,2,2,-0.014098907858565175,0.0032278180475980587,-0.017326725906163232,0.25,2.0
2021-07-30,2,2,0.009624860319360901,-0.004808605283087342,0.014433465602448244,0.5,2.0
2021-08-06,2,2,0.026574467253796266,0.007640500225472003,0.018933967028324263,0.0,2.0
2021-08-13,2,2,0.03867198909800313,-0.005394936213846695,0.044066925311849824,0.75,2.0
2021-08-20,2,2,0.02710437125237692,-0.013643591464702171,0.04074796271707909,0.0,2.0
2021-08-27,2,2,-0.007067831653396259,-0.00961589518796824,0.00254806353457198,0.75,2.0
2021-09-03,2,2,-0.014952194174602716,-0.016063395787664483,0.0011112016130617672,0.75,2.0
2021-09-10,2,2,-0.044242380447228266,-0.02063780432578024,-0.023604576121448027,0.0,2.0
2021-09-17,2,2,0.020544242784862745,-0.005940617111351723,0.026484859896214467,0.25,2.0
2021-09-24,2,2,-0.06387842708886782,-0.018340180348034175,-0.04553824674083364,0.0,2.0
2021-10-01,2,2,0.04325975135147887,0.014052083764481586,0.029207667586997287,0.25,2.0
2021-10-08,2,2,0.04284079826978886,0.005452647459283566,0.03738815081050529,0.5,2.0
2021-10-15,2,2,0.02746377284049469,0.014546454438906505,0.012917318401588183,0.75,2.0
2021-10-22,2,2,0.058249378360017603,0.019404599876324733,0.038844778483692874,0.5,2.0
2021-10-29,2,2,-0.001556776059409726,0.043319468475553645,-0.04487624453496337,0.25,2.0
2021-11-05,2,2,-0.01112257853539145,0.004680716990213083,-0.015803295525604534,0.25,2.0
2021-11-12,2,2,0.02687015185268124,-0.018873295875364914,0.04574344772804616,0.5,2.0
2021-11-19,2,2,-0.011618180588324051,-0.020818181036970487,0.009200000448646436,0.5,2.0
2021-11-26,2,2,-0.04547825506894268,-0.0051080808676402635,-0.040370174201302414,0.5,2.0
2021-12-03,2,2,0.015788244798393827,0.04181967603967275,-0.026031431241278925,0.25,2.0
2021-12-10,2,2,-0.022697111097306707,-0.004010082571477852,-0.018687028525828854,0.25,2.0
2021-12-17,2,2,0.07447602506839437,0.018960951189469163,0.05551507387892521,0.25,2.0
2021-12-23,2,2,0.012420533622157717,0.011048302877033752,0.0013722307451239646,0.25,2.0
2021-12-31,2,2,-0.07011336540744695,0.014021658870862704,-0.08413502427830966,0.25,2.0
2022-01-07,2,2,-0.042865280792405674,0.0023844724800732957,-0.045249753272478974,0.25,2.0
2022-01-14,2,2,-0.08173908846834177,-0.006136035164715834,-0.07560305330362593,0.25,2.0
2022-01-21,2,2,0.03491931102958431,0.036208751449324623,-0.0012894404197403148,0.5,2.0
2022-01-28,2,2,-0.005543507510869186,0.002431164704838849,-0.007974672215708035,0.25,2.0
2022-02-04,2,2,-0.01710473841315052,-0.02250764265512392,0.005402904241973403,0.25,2.0
2022-02-11,2,2,-0.030188258715063435,0.016832587324120497,-0.04702084603918393,0.25,2.0
2022-02-18,2,2,-0.00351277587042348,0.0062140616900640076,-0.009726837560487488,0.25,2.0
2022-02-25,2,2,-0.06411013713995314,0.013448194654889396,-0.07755833179484253,0.0,2.0
2022-03-04,2,2,-0.006336687453145255,-0.030006503055541575,0.02366981560239632,0.5,2.0
2022-03-11,2,2,0.13954523908693206,0.01571017951857018,0.12383505956836188,0.0,2.0
2022-03-18,2,2,0.025616909134667278,0.016781538682498667,0.00883537045216861,0.5,2.0
2022-03-25,2,2,-0.00015649483882019047,0.008083841470593437,-0.008240336309413628,0.25,2.0
2022-04-01,2,2,-0.11055081107679357,0.020979072968172453,-0.13152988404496602,0.5,2.0
2022-04-08,2,2,0.0038070981815451926,0.01906024167456839,-0.015253143493023197,0.5,2.0
2022-04-14,2,2,-0.026919385183185672,0.03223786864200744,-0.059157253825193115,0.0,2.0
2022-04-22,2,2,-0.026209298553808484,-0.038580243646991974,0.01237094509318349,0.25,2.0
2022-04-29,2,2,-0.07019233859258779,0.007150191093309167,-0.07734252968589696,0.0,2.0
2022-05-06,2,2,7.309708987248992e-05,0.027163380741771954,-0.027090283651899465,0.75,2.0
2022-05-13,2,2,-0.018309062566635878,-0.015736317175729486,-0.002572745390906392,0.75,2.0
2022-05-20,2,2,0.06923132901854906,0.007186054669347792,0.06204527434920127,0.5,2.0
2022-05-27,2,2,0.004633010126906357,-0.009135736775981727,0.013768746902888084,0.75,2.0
2022-06-03,2,2,-0.12285365338844087,-0.027115992740483326,-0.09573766064795755,0.25,2.0
2022-06-10,2,2,0.04100511064933171,0.007261602860665954,0.03374350778866576,0.25,2.0
2022-06-17,2,2,-0.012892007397983147,0.024178893257965742,-0.03707090065594889,0.25,2.0
2022-06-24,2,2,-0.07457636918370733,-0.008394502130971261,-0.06618186705273607,0.0,2.0
2022-07-01,2,2,0.021306323367144966,-0.011219887234633328,0.032526210601778294,0.25,2.0
2022-07-08,2,2,0.03086145197629197,-0.01595397076951362,0.04681542274580559,0.5,2.0
2022-07-15,2,2,0.03251133282564003,-0.0002004093396504895,0.03271174216529052,0.5,2.0
2022-07-22,2,2,0.06474576605489687,0.02067757837279327,0.044068187682103604,0.5,2.0
2022-07-29,2,2,0.0038849199173329844,-0.03599204763758017,0.039876967554913156,0.25,2.0
2022-08-05,2,2,0.057366294479111374,-0.00015944162650514265,0.057525736105616516,0.25,2.0
2022-08-12,2,2,-0.05597267699799949,-0.021941430758874385,-0.0340312462391251,0.5,2.0
2022-08-19,2,2,-0.05521978147104399,-0.025066818237452063,-0.03015296323359193,0.5,2.0
2022-08-26,2,2,-0.07436822942699978,-0.012017669739596237,-0.06235055968740354,0.25,2.0
2022-09-02,2,2,-0.0099191376806398,0.0016605848787549487,-0.011579722559394748,0.25,2.0
2022-09-09,2,2,-0.06120769946502071,-0.02790954513799964,-0.033298154327021066,0.0,2.0
2022-09-16,2,2,-0.04756359291541874,-0.020292484707222693,-0.02727110820819605,0.5,2.0
2022-09-23,2,2,0.06902985790715424,-0.018299962737035543,0.08732982064418979,0.25,2.0
2022-09-30,2,2,-0.0374505094426936,-0.030295710264604356,-0.007154799178089241,0.5,2.0
2022-10-07,2,2,0.016060622318018566,0.06658133935641553,-0.05052071703839696,0.25,2.0
2022-10-14,2,2,0.04828847741493966,0.04073262072648916,0.007555856688450505,0.5,2.0
2022-10-21,2,2,0.04401821433800593,0.0360953880859162,0.007922826252089732,0.25,2.0
2022-10-28,2,2,-0.058183175373428354,-0.005829395985770133,-0.05235377938765822,0.5,2.0
2022-11-04,2,2,0.10085495453994389,0.02026825715692033,0.08058669738302357,0.5,2.0
2022-11-11,2,2,-0.02797751253143963,0.026687358667318375,-0.05466487119875801,0.25,2.0
2022-11-18,2,2,-0.01726425976414521,0.0032260975939087198,-0.020490357358053927,0.0,2.0
2022-11-25,2,2,0.03085573282961656,0.013451067049140418,0.017404665780476142,0.0,2.0
2022-12-02,2,2,0.011685530898064197,0.0008367050727452179,0.01084882582531898,0.0,2.0
2022-12-09,2,2,-0.056699895725800545,-0.015608562535608902,-0.04109133319019164,0.25,2.0
2022-12-16,2,2,-0.06039673506752477,0.015877420336915832,-0.0762741554044406,0.25,2.0
2022-12-23,2,2,-0.004065152622435734,0.0038127223607522746,-0.007877874983188008,0.5,2.0
2022-12-30,2,2,0.06833451539224956,0.006988921809896445,0.06134559358235312,0.25,2.0
2023-01-06,2,2,0.08417761668929682,0.004601494235046704,0.07957612245425012,0.25,2.0
2023-01-13,2,2,0.009289475542438953,-0.017546471771076825,0.026835947313515778,0.5,2.0
2023-01-20,2,2,-0.00020304782215000024,0.006923582082819752,-0.0071266299049697526,0.75,2.0
2023-01-27,2,2,0.07478622524935141,0.004938559254449082,0.06984766599490233,0.25,2.0
2023-02-03,2,2,0.05277463566717942,0.005971621807084243,0.04680301386009518,0.25,2.0
2023-02-10,2,2,-0.03974744858175021,-0.016274065378782968,-0.02347338320296724,0.25,2.0
2023-02-17,2,2,0.03688613892815822,0.010857849982617485,0.02602828894554074,0.25,2.0
2023-02-24,2,2,0.019008342295962266,0.0069454651814137396,0.012062877114548527,0.0,2.0
2023-03-03,2,2,-0.015521417150158288,-0.04090085764591423,0.025379440495755943,0.0,2.0
2023-03-10,2,2,0.08657831354073978,0.013329320440009364,0.07324899310073041,0.25,2.0
2023-03-17,2,2,0.0303699075119968,0.013291672155155039,0.01707823535684176,0.25,2.0
2023-03-24,2,2,0.04526667694594914,0.020053785335843892,0.025212891610105245,0.25,2.0
2023-03-31,2,2,-0.020886118907463197,0.0011493084052859397,-0.022035427312749135,0.25,2.0
2023-04-06,2,2,-0.010626876428731714,0.01096403371941761,-0.021590910148149324,0.25,2.0
2023-04-14,2,2,-0.011522188652236224,0.0015829293084889174,-0.013105117960725141,0.0,2.0
2023-04-21,2,2,0.03845280557082867,0.0003250997896019738,0.03812770578122669,0.5,2.0
2023-04-28,2,2,-0.00986427037275728,-0.00634721954891928,-0.0035170508238379994,0.25,2.0
2023-05-05,2,2,-0.014836892961125368,-0.004608376550769773,-0.010228516410355595,0.5,2.0
2023-05-12,2,2,0.05782017260178781,-0.029072936839068718,0.08689310944085653,0.25,2.0
2023-05-19,2,2,0.023282523201722805,-0.022983893826070273,0.04626641702779308,0.25,2.0
2023-05-26,2,2,0.002035345556134987,0.01734474477754136,-0.015309399221406374,0.25,2.0
2023-06-02,2,2,-0.008486717781124354,0.0020430534262246875,-0.010529771207349041,0.25,2.0
2023-06-09,2,2,0.03640006091747815,0.025884651474186914,0.010515409443291233,0.0,2.0
2023-06-16,2,2,0.007229518262059623,-0.004100314789117397,0.01132983305117702,0.25,2.0
2023-06-23,2,2,0.031983065523600224,-0.005790445070590925,0.03777351059419115,0.25,2.0
2023-06-30,2,2,-0.010061048558777283,-0.01606824268865941,0.006007194129882128,0.25,2.0
2023-07-07,2,2,0.06476637781927912,0.011751359787811229,0.05301501803146789,0.25,2.0
2023-07-14,2,2,-0.016316650575970836,0.05171815675184607,-0.06803480732781692,0.25,2.0
2023-07-21,2,2,0.0024331160004728222,0.0002971116846600969,0.0021360043158127253,0.5,2.0
2023-07-28,2,2,-0.022364742350130203,-0.00785636073427856,-0.014508381615851643,0.0,2.0
2023-08-04,2,2,-0.02658644259589355,0.012851367233758751,-0.0394378098296523,0.0,2.0
2023-08-11,2,2,0.029495819122212025,-0.013008699433005973,0.042504518555218,0.0,2.0
2023-08-18,2,2,0.002666067741606848,0.002782913284133941,-0.0001168455425270931,0.0,2.0
2023-08-25,2,2,-0.004465319801906682,-0.023738271370415336,0.019272951568508653,0.5,2.0
2023-09-01,2,2,-0.0057316753634243725,0.0038493798395911926,-0.009581055203015564,0.25,2.0
2023-09-08,2,2,-0.014177283882787373,0.00722028127371235,-0.021397565156499723,0.25,2.0
2023-09-15,2,2,-0.021345718372306536,-0.02046744175462759,-0.0008782766176789469,0.25,2.0
2023-09-22,2,2,0.031323645295371946,-0.028930733951538265,0.06025437924691021,0.5,2.0
2023-09-29,2,2,0.021351044414040985,-0.019941824373490583,0.041292868787531564,0.5,2.0
2023-10-06,2,2,0.003963923441399669,-0.0005177156837880845,0.004481639125187753,0.5,2.0
2023-10-13,2,2,-0.033524425975512646,-0.02310027665185381,-0.010424149323658836,0.25,2.0
2023-10-20,2,2,-0.023944891488057868,-0.005679081332483805,-0.01826581015557406,0.25,2.0
2023-10-27,2,2,0.06925825529205512,0.012547637938410513,0.056710617353644605,0.25,2.0
2023-11-03,2,2,0.018886211377325227,-0.014441982687598071,0.033328194064923294,0.5,2.0
2023-11-10,2,2,0.015956634355308266,0.026964856147660036,-0.01100822179235177,0.25,2.0
2023-11-17,2,2,-0.013365275324817693,0.007157226471096392,-0.020522501795914083,0.5,2.0
2023-11-24,2,2,-0.037630018107592395,0.041869187775520525,-0.07949920588311292,0.25,2.0
2023-12-01,2,2,0.013446673981920405,-0.005469211863060879,0.018915885844981283,0.0,2.0
2023-12-08,2,2,0.031016506440707917,0.02610178432210478,0.004914722118603138,0.0,2.0
2023-12-15,2,2,-0.0029693512997538505,0.009614745370505494,-0.012584096670259344,0.0,2.0
2023-12-22,2,2,-0.0420445592775571,0.0269992390171275,-0.0690437982946846,0.5,2.0
2023-12-29,2,2,0.03382535956219987,0.00629840631838019,0.02752695324381968,0.0,2.0
2024-01-05,2,2,0.025252083507721075,-0.004099130012784585,0.02935121352050566,0.0,2.0
2024-01-12,2,2,0.06255519160283342,-0.0033936343754650566,0.06594882597829847,0.0,2.0
2024-01-19,2,2,0.01163743600025391,-0.007805095559973132,0.019442531560227044,0.0,2.0
2024-01-26,2,2,0.03296022334422152,-0.0017044571390255744,0.0346646804832471,0.25,2.0
2024-02-02,2,2,0.015576082126168516,0.0052633094332763366,0.010312772692892179,0.25,2.0
2024-02-09,2,2,0.013617941540375685,0.0118667388357183,0.0017512027046573848,0.25,2.0
2024-02-16,2,2,0.05908431627028408,0.01739892506129955,0.041685391208984526,0.75,2.0
2024-02-23,2,2,0.03270318472687468,-0.010077036053629048,0.04278022078050373,0.5,2.0
2024-03-01,2,2,-0.010633655217821714,0.008658252356097336,-0.019291907573919048,0.5,2.0
2024-03-08,2,2,0.010318738071677758,0.01648765171674974,-0.00616891364507198,0.25,2.0
2024-03-15,2,2,0.027167781087179717,-0.002823298623834027,0.029991079711013745,0.75,2.0
2024-03-22,2,2,-0.02760291538851488,0.006217708802926026,-0.033820624191440905,0.5,2.0
2024-03-28,2,2,-0.010979163699319783,-0.03029598865749878,0.019316824958178998,0.5,2.0
2024-04-05,2,2,-0.021910411361676402,-0.013433817449402068,-0.008476593912274333,0.25,2.0
2024-04-12,2,2,-0.045099036922928507,0.021917714145821957,-0.06701675106875046,0.25,2.0
2024-04-19,2,2,0.06454688698806291,0.0061699576648141415,0.05837692932324877,0.5,2.0
2024-04-26,2,2,0.03353738152708608,-0.000872390543378389,0.03440977207046447,0.5,2.0
2024-05-03,2,2,-0.00494151950475504,0.019015620819224456,-0.023957140323979498,0.25,2.0
2024-05-10,2,2,0.03301193066351416,0.01557964295938548,0.017432287704128684,0.5,2.0
2024-05-17,2,2,0.06947857586326445,-0.0066966492281996925,0.07617522509146414,0.0,2.0
2024-05-24,2,2,0.022690247672885897,0.0314612950846854,-0.008771047411799501,0.25,2.0
2024-05-31,2,2,0.041467336812951686,0.004052860464563752,0.03741447634838793,0.5,2.0
2024-06-07,2,2,0.031487701140949086,-0.00777420355535547,0.039261904696304556,0.5,2.0
2024-06-14,2,2,-0.03593346784806528,0.010736962949422963,-0.04667043079748824,0.25,2.0
2024-06-21,2,2,0.04551905261229228,-0.013834585203194059,0.05935363781548633,0.25,2.0
2024-06-28,2,2,0.05578354116739467,-0.018465354153152685,0.07424889532054735,0.25,2.0
2024-07-05,2,2,0.017791691033090952,0.01691652266054338,0.0008751683725475717,0.25,2.0
2024-07-12,2,2,-0.027649405025370576,0.02743465075998095,-0.05508405578535153,0.25,2.0
2024-07-19,2,2,-0.04737761281424939,0.03021117314656674,-0.07758878596081613,0.25,2.0
2024-07-26,2,2,-0.060708412498740885,0.018211048782796467,-0.07891946128153735,0.0,2.0
2024-08-02,2,2,0.06518852403054784,-0.002771204559000589,0.06795972858954843,0.25,2.0
2024-08-09,2,2,0.07719133353981772,0.006599328642464178,0.07059200489735354,0.25,2.0
2024-08-16,2,2,-0.002042531512891654,0.02873471746680866,-0.030777248979700314,0.0,2.0
2024-08-23,2,2,-0.04781725720156226,0.027358613008782194,-0.07517587021034446,0.0,2.0
2024-08-30,2,2,-0.008526612877113763,-0.009857308362814479,0.0013306954857007156,0.0,2.0
2024-09-06,2,2,0.0035494160553779935,0.005990690909707652,-0.0024412748543296585,0.0,2.0
2024-09-13,2,2,0.011082461874758247,-0.014112940572026257,0.025195402446784504,0.25,2.0
2024-09-20,2,2,0.03302307761492475,0.0006717150973619,0.03235136251756285,0.5,2.0
2024-09-27,2,2,-0.02073760990774895,0.012842178566538413,-0.03357978847428736,0.25,2.0
2024-10-04,2,2,0.05642764201440745,0.005990536894320348,0.0504371051200871,0.0,2.0
2024-10-11,2,2,0.030163025533314097,-0.0007656482706738582,0.030928673803987956,0.25,2.0
2024-10-18,2,2,-0.0013530901006523974,-0.022691048556815842,0.021337958456163444,0.25,2.0
2024-10-25,2,2,-0.0278267670810156,-0.022087326417520065,-0.005739440663495535,0.0,2.0
2024-11-01,2,2,0.030547918175210523,-0.023457694401713365,0.05400561257692389,0.25,2.0
2024-11-08,2,2,-0.007803150881203872,-0.012158695667126298,0.0043555447859224255,0.25,2.0
2024-11-15,2,2,-0.006803591013824035,0.024385317359283804,-0.031188908373107838,0.0,2.0
2024-11-22,2,2,0.006917562159740173,-0.010253835012879405,0.017171397172619576,0.0,2.0
2024-11-29,2,2,-0.0038113328664968115,-0.02533147581350486,0.021520142947008047,0.0,2.0
2024-12-06,2,2,-0.025995768353733194,-0.01942823686708761,-0.006567531486645583,0.0,2.0
2024-12-13,2,2,0.012341689088129248,0.003928225839378375,0.008413463248750874,0.0,2.0
2024-12-20,2,2,-0.009681406086850912,-0.003220768985745861,-0.006460637101105051,0.0,2.0
2024-12-27,2,2,0.00862861123366117,0.000842870938452412,0.007785740295208758,0.25,2.0
2025-01-03,2,2,-0.0715877371263941,0.014143226500953615,-0.08573096362734772,0.25,2.0
2025-01-10,2,2,0.07104234649841171,0.0182651555052274,0.05277719099318431,0.25,2.0
2025-01-17,2,2,0.015415161720354242,0.005612377771670037,0.009802783948684205,0.25,2.0
2025-01-24,2,2,-0.0011626109155932767,-0.0075476735830089965,0.00638506266741572,0.25,2.0
2025-01-31,2,2,0.04314237749600701,0.01741501293304254,0.02572736456296447,0.25,2.0
2025-02-07,2,2,0.06524546320435522,0.03818764862546442,0.027057814578890796,0.5,2.0
2025-02-14,2,2,-0.08224905080675994,0.055300802056152926,-0.13754985286291288,0.5,2.0
2025-02-21,2,2,-0.004835834312302206,0.022905627964557605,-0.02774146227685981,0.25,2.0
2025-02-28,2,2,-0.04996537133746373,0.016593341377967676,-0.0665587127154314,0.5,2.0
2025-03-07,2,2,0.041731105776578514,-0.022093712402890597,0.06382481817946911,0.5,2.0
2025-03-14,2,2,0.02677336084065106,0.008803696024786947,0.017969664815864112,0.5,2.0
2025-03-21,2,2,-0.028593411369137907,0.019820861213925563,-0.04841427258306347,0.0,2.0
2025-03-28,2,2,-0.15514863015242547,-0.07268246584376975,-0.08246616430865572,0.25,2.0
2025-04-04,2,2,0.12409590574517979,0.04551240337661497,0.07858350236856482,0.0,2.0
2025-04-11,2,2,-0.05742025891327217,0.014682642043780517,-0.07210290095705268,0.25,2.0
2025-04-17,2,2,0.10384906868485438,0.008501428518839504,0.09534764016601488,0.5,2.0
2025-04-25,2,2,-0.006738985996830114,-0.023058289373786713,0.016319303376956598,0.0,2.0
2025-05-02,2,2,0.07009204754918466,-0.01749849371200782,0.08759054126119248,0.25,2.0
2025-05-09,2,2,0.038063219489977616,0.012706584023488,0.025356635466489617,0.0,2.0
2025-05-16,2,2,-0.022779017709586732,0.005517914129522334,-0.028296931839109064,0.0,2.0
2025-05-23,2,2,0.028179871970333205,-0.000929914244861703,0.02910978621519491,0.0,2.0
2025-05-30,2,2,0.017326467514289515,-0.00223065645599378,0.019557123970283294,0.0,2.0
2025-06-06,2,2,-0.0020040994757107447,0.037297145606495614,-0.03930124508220636,0.25,2.0
2025-06-13,2,2,0.014957371581237531,-0.0154388567180129,0.03039622829925043,0.25,2.0
2025-06-20,2,2,0.05282395128871192,-0.0048876835942772735,0.05771163488298919,0.0,2.0
2025-06-27,2,2,0.019474662854659913,0.006188546340624922,0.01328611651403499,0.25,2.0
2025-07-03,2,2,0.018840465414107485,-0.006241446561002246,0.02508191197510973,0.25,2.0
2025-07-11,2,2,0.028948245169556436,0.011525887084214703,0.017422358085341733,0.5,2.0
2025-07-18,2,2,0.03135439818307103,-0.006105879044687658,0.03746027722775869,0.5,2.0
2025-07-25,2,2,-0.025511668734881372,-0.0033700327979123857,-0.02214163593696899,0.25,2.0
2025-08-01,2,2,0.08011276203404666,0.035014474519689406,0.04509828751435725,0.25,2.0
2025-08-08,2,2,-0.005317130556713255,-0.009079040358587084,0.0037619098018738285,0.25,2.0
2025-08-15,2,2,-0.01395039686283156,0.004293248065906509,-0.01824364492873807,0.25,2.0
2025-08-22,2,2,-0.022525170590701634,0.014015273989623487,-0.03654044458032512,0.25,2.0
2025-08-29,2,2,0.00959234717085419,-0.026057453123932445,0.035649800294786635,0.0,2.0
2025-09-05,2,2,0.04278948931542803,-0.0018008060545649405,0.04459029536999297,0.5,2.0
2025-09-12,2,2,0.059507173330869474,-0.00120584045909166,0.060713013789961134,0.5,2.0
2025-09-19,2,2,-0.001897759486724318,0.005310673359792279,-0.007208432846516597,0.25,2.0
2025-09-26,2,2,0.02492431800126839,0.0005520929908425439,0.024372225010425845,0.25,2.0
2025-10-03,2,2,-0.011891248353233973,0.012182921029198063,-0.024074169382432037,0.5,2.0
2025-10-10,2,2,0.02097176903955314,0.020153153030836514,0.0008186160087166258,0.0,2.0
2025-10-17,2,2,0.03415684180663752,0.025631359023505388,0.008525482783132133,0.5,2.0
2025-10-24,2,2,0.016941616196743222,-0.024333413686750644,0.041275029883493866,0.25,2.0
2025-10-31,2,2,-0.009634144531027039,0.03846895239921058,-0.04810309693023762,0.0,2.0
2025-11-07,2,2,-0.02539397795274763,0.003349783183170273,-0.0287437611359179,0.25,2.0
2025-11-14,2,2,0.015285988473955464,0.009142517320698002,0.006143471153257462,0.25,2.0
2025-11-21,2,2,0.020786857926553468,-0.007560555371621031,0.0283474132981745,0.5,2.0
2025-11-28,2,2,-0.005345632174722425,-0.0054279273523020095,8.229517757958431e-05,0.5,2.0
2025-12-05,2,2,-0.02470879458376475,0.015307277703701161,-0.04001607228746591,0.25,2.0
2025-12-12,2,2,0.0060781503034412505,-0.003987145823021844,0.010065296126463095,0.25,2.0
2025-12-19,2,2,0.011961678371222594,0.009697796163665317,0.002263882207557277,0.0,2.0
2025-12-26,2,2,0.008241269785321735,-0.017997245907352216,0.02623851569267395,0.25,2.0
2026-01-02,2,2,-0.00022205923122681302,0.01900781340725671,-0.01922987263848352,0.25,2.0
2026-01-09,2,2,-0.04809126272328027,0.030958451075257118,-0.0790497137985374,0.25,2.0
2026-01-16,2,2,0.025582330472220187,0.03385422171926294,-0.00827189124704275,0.25,2.0
2026-01-23,2,2,0.030328460152420602,0.033588025315646905,-0.003259565163226303,0.25,2.0
2026-01-30,2,2,0.006188361669884479,0.026809195649692533,-0.020620833979808052,0.5,2.0
2026-02-06,2,2,-0.03327471493655429,0.012303349447170368,-0.04557806438372466,0.25,2.0
2026-02-13,2,2,0.03615001243720117,0.016335258765159337,0.019814753672041836,0.5,2.0
2026-02-20,2,2,-0.01606319704964327,-0.0026740571737934623,-0.013389139875849807,0.5,2.0
2026-02-27,2,2,0.01642945451187268,-0.02694153359628626,0.04337098810815894,0.5,2.0
2026-03-06,2,2,0.029055146721402244,-0.005207024508904469,0.03426217123030671,0.25,2.0
2026-03-13,2,2,-0.041992931036306476,-0.03347040098543772,-0.008522530050868754,0.25,2.0
2026-03-20,2,2,-0.009972753921374653,0.0005059989728511561,-0.010478752894225809,0.5,2.0
2026-03-27,2,2,0.05275994733496435,-0.010749637303196453,0.06350958463816081,0.5,2.0
2026-04-02,2,2,-0.007478658990271187,-0.01147675414421589,0.003998095153944703,0.25,2.0
2026-04-10,2,2,0.016211421258121337,-0.002655125180084412,0.018866546438205747,0.25,2.0
2026-04-17,2,2,0.03789366672516754,0.005053160933438061,0.03284050579172947,0.25,2.0
2026-04-24,2,2,-0.05550146200977113,0.01573481315420169,-0.07123627516397282,0.25,2.0
2026-05-01,2,2,0.0510551898870077,-0.0041573413349792615,0.05521253122198696,0.0,2.0
2026-05-08,2,2,0.05231675271993545,0.03311971091415922,0.019197041805776235,0.25,2.0
2026-05-15,2,2,0.011767672306590031,-0.03210396144157074,0.04387163374816077,0.25,2.0
2026-05-22,2,2,-0.010019400709012825,-0.0224809079742909,0.012461507265278074,0.5,2.0
2026-05-29,2,2,-0.02464726024308994,-0.028590264338897275,0.003943004095807334,0.5,2.0
2026-06-05,2,2,-0.008224336244334577,0.02515293093636127,-0.03337726718069585,0.25,2.0
2026-06-12,2,2,-0.025285669753259563,0.020132171738110508,-0.04541784149137007,0.25,2.0
2026-06-18,2,2,-0.03561980122238154,0.016960600869396266,-0.052580402091777806,0.25,2.0
2026-06-26,2,2,0.06376973982082713,0.02488337663671119,0.038886363184115945,0.5,2.0
2026-07-02,2,2,0.03865108650110992,0.013662763221113466,0.024988323279996453,0.5,2.0
2026-07-10,2,2,-0.0043580000157341665,-0.023992431300965976,0.01963443128523181,0.5,2.0
2026-07-17,2,2,0.0003179061806376608,0.04745921027620848,-0.047141304095570824,0.75,2.0
2026-07-24,2,2,-0.03029828571308317,0.008262680357290778,-0.038560966070373945,0.25,2.0
2026-07-31,2,2,0.03353223798586605,0.010238011665578818,0.02329422632028723,0.25,2.0
2026-08-07,2,2,-0.024657952803060344,0.009101766964198814,-0.03375971976725916,0.5,2.0
2026-08-14,2,2,-0.03891338637554415,-0.03813826437086899,-0.0007751220046751592,0.25,2.0
2026-08-21,2,2,0.052025632602630725,-0.028822839683735352,0.08084847228636607,0.5,2.0
2026-08-28,2,2,0.006644776058988059,-0.0021499182632183623,0.008794694322206422,0.75,2.0
